"source","Time","Var","Value","EPU"
"ROMS",1959,"cold_pool_index",-1.21229499462561,"MAB"
"ROMS",1959,"se_cold_pool_index",0.0309087847029222,"MAB"
"ROMS",1959,"persistence_index",0.338696179211519,"MAB"
"ROMS",1959,"se_persistence_index",0.0243509244836564,"MAB"
"ROMS",1959,"extent_index",86.1911764705883,"MAB"
"ROMS",1959,"se_extent_index",1.78099421967936,"MAB"
"ROMS",1960,"cold_pool_index",-1.33034340586744,"MAB"
"ROMS",1960,"se_cold_pool_index",0.0335904512951709,"MAB"
"ROMS",1960,"persistence_index",0.244996663864185,"MAB"
"ROMS",1960,"se_persistence_index",0.0201425266987779,"MAB"
"ROMS",1960,"extent_index",89.1911764705883,"MAB"
"ROMS",1960,"se_extent_index",1.78099421967936,"MAB"
"ROMS",1961,"cold_pool_index",-1.17187582553274,"MAB"
"ROMS",1961,"se_cold_pool_index",0.0250986367822067,"MAB"
"ROMS",1961,"persistence_index",0.236919119437691,"MAB"
"ROMS",1961,"se_persistence_index",0.0219459575216847,"MAB"
"ROMS",1961,"extent_index",86.1911764705883,"MAB"
"ROMS",1961,"se_extent_index",1.78099421967936,"MAB"
"ROMS",1962,"cold_pool_index",-0.463440023491595,"MAB"
"ROMS",1962,"se_cold_pool_index",0.0261252157200826,"MAB"
"ROMS",1962,"persistence_index",-0.268735161660855,"MAB"
"ROMS",1962,"se_persistence_index",0.02568478468987,"MAB"
"ROMS",1962,"extent_index",68.1911764705883,"MAB"
"ROMS",1962,"se_extent_index",1.78099421967936,"MAB"
"ROMS",1963,"cold_pool_index",-0.510590282787377,"MAB"
"ROMS",1963,"se_cold_pool_index",0.024904532230035,"MAB"
"ROMS",1963,"persistence_index",-0.152418521919337,"MAB"
"ROMS",1963,"se_persistence_index",0.0220481960766909,"MAB"
"ROMS",1963,"extent_index",76.1911764705883,"MAB"
"ROMS",1963,"se_extent_index",1.78099421967936,"MAB"
"ROMS",1964,"cold_pool_index",-1.04196485510349,"MAB"
"ROMS",1964,"se_cold_pool_index",0.0297444693809928,"MAB"
"ROMS",1964,"persistence_index",0.0866767931048958,"MAB"
"ROMS",1964,"se_persistence_index",0.0296405321048594,"MAB"
"ROMS",1964,"extent_index",67.1911764705883,"MAB"
"ROMS",1964,"se_extent_index",1.78099421967936,"MAB"
"ROMS",1965,"cold_pool_index",-2.10270073289273,"MAB"
"ROMS",1965,"se_cold_pool_index",0.0258574639664844,"MAB"
"ROMS",1965,"persistence_index",0.571329458694557,"MAB"
"ROMS",1965,"se_persistence_index",0.0170290661275017,"MAB"
"ROMS",1965,"extent_index",93.1911764705883,"MAB"
"ROMS",1965,"se_extent_index",1.78099421967936,"MAB"
"ROMS",1966,"cold_pool_index",-1.61158745504851,"MAB"
"ROMS",1966,"se_cold_pool_index",0.0360488998156465,"MAB"
"ROMS",1966,"persistence_index",0.447181922351589,"MAB"
"ROMS",1966,"se_persistence_index",0.0215956902106577,"MAB"
"ROMS",1966,"extent_index",72.1911764705883,"MAB"
"ROMS",1966,"se_extent_index",1.78099421967936,"MAB"
"ROMS",1967,"cold_pool_index",-1.2245945693872,"MAB"
"ROMS",1967,"se_cold_pool_index",0.0212453725282978,"MAB"
"ROMS",1967,"persistence_index",0.424318150132359,"MAB"
"ROMS",1967,"se_persistence_index",0.0175435849043104,"MAB"
"ROMS",1967,"extent_index",91.1911764705883,"MAB"
"ROMS",1967,"se_extent_index",1.78099421967936,"MAB"
"ROMS",1968,"cold_pool_index",-1.70860771185597,"MAB"
"ROMS",1968,"se_cold_pool_index",0.0252878104809856,"MAB"
"ROMS",1968,"persistence_index",0.487322996659015,"MAB"
"ROMS",1968,"se_persistence_index",0.0171400077876286,"MAB"
"ROMS",1968,"extent_index",93.1911764705883,"MAB"
"ROMS",1968,"se_extent_index",1.78099421967936,"MAB"
"ROMS",1969,"cold_pool_index",-1.05221023963693,"MAB"
"ROMS",1969,"se_cold_pool_index",0.0368240956272619,"MAB"
"ROMS",1969,"persistence_index",-0.0215623022101284,"MAB"
"ROMS",1969,"se_persistence_index",0.0219444969523299,"MAB"
"ROMS",1969,"extent_index",82.1911764705883,"MAB"
"ROMS",1969,"se_extent_index",1.78099421967936,"MAB"
"ROMS",1970,"cold_pool_index",-1.28300697605506,"MAB"
"ROMS",1970,"se_cold_pool_index",0.0362977267530616,"MAB"
"ROMS",1970,"persistence_index",0.385985071632015,"MAB"
"ROMS",1970,"se_persistence_index",0.0290120466787593,"MAB"
"ROMS",1970,"extent_index",62.1911764705883,"MAB"
"ROMS",1970,"se_extent_index",1.78099421967936,"MAB"
"ROMS",1971,"cold_pool_index",-1.37679373017691,"MAB"
"ROMS",1971,"se_cold_pool_index",0.0323533943856249,"MAB"
"ROMS",1971,"persistence_index",0.293461930423151,"MAB"
"ROMS",1971,"se_persistence_index",0.0168066780089425,"MAB"
"ROMS",1971,"extent_index",93.1911764705883,"MAB"
"ROMS",1971,"se_extent_index",1.78099421967936,"MAB"
"ROMS",1972,"cold_pool_index",-0.347740506953021,"MAB"
"ROMS",1972,"se_cold_pool_index",0.027626835671758,"MAB"
"ROMS",1972,"persistence_index",-0.0918632299801661,"MAB"
"ROMS",1972,"se_persistence_index",0.0252713560187628,"MAB"
"ROMS",1972,"extent_index",49.1911764705883,"MAB"
"ROMS",1972,"se_extent_index",1.78099421967936,"MAB"
"ROMS",1973,"cold_pool_index",-0.22952194511572,"MAB"
"ROMS",1973,"se_cold_pool_index",0.0305402641708595,"MAB"
"ROMS",1973,"persistence_index",-0.262203909773796,"MAB"
"ROMS",1973,"se_persistence_index",0.0252983266253934,"MAB"
"ROMS",1973,"extent_index",48.1911764705883,"MAB"
"ROMS",1973,"se_extent_index",1.78099421967936,"MAB"
"ROMS",1974,"cold_pool_index",0.824634912313698,"MAB"
"ROMS",1974,"se_cold_pool_index",0.0266314584367146,"MAB"
"ROMS",1974,"persistence_index",-0.91577071657683,"MAB"
"ROMS",1974,"se_persistence_index",0.0315650795162952,"MAB"
"ROMS",1974,"extent_index",-43.8088235294117,"MAB"
"ROMS",1974,"se_extent_index",1.78099421967936,"MAB"
"ROMS",1975,"cold_pool_index",-0.217263366798338,"MAB"
"ROMS",1975,"se_cold_pool_index",0.0478457270709764,"MAB"
"ROMS",1975,"persistence_index",-0.312353901563925,"MAB"
"ROMS",1975,"se_persistence_index",0.0252885644754531,"MAB"
"ROMS",1975,"extent_index",40.1911764705883,"MAB"
"ROMS",1975,"se_extent_index",1.78099421967936,"MAB"
"ROMS",1976,"cold_pool_index",0.146880468129848,"MAB"
"ROMS",1976,"se_cold_pool_index",0.0307007675513109,"MAB"
"ROMS",1976,"persistence_index",-0.277444847264043,"MAB"
"ROMS",1976,"se_persistence_index",0.0300237068019498,"MAB"
"ROMS",1976,"extent_index",29.1911764705883,"MAB"
"ROMS",1976,"se_extent_index",1.78099421967936,"MAB"
"ROMS",1977,"cold_pool_index",-0.557879596052669,"MAB"
"ROMS",1977,"se_cold_pool_index",0.0463119404198692,"MAB"
"ROMS",1977,"persistence_index",-0.137878941951647,"MAB"
"ROMS",1977,"se_persistence_index",0.0213253185311293,"MAB"
"ROMS",1977,"extent_index",68.1911764705883,"MAB"
"ROMS",1977,"se_extent_index",1.78099421967936,"MAB"
"ROMS",1978,"cold_pool_index",-0.783155700246543,"MAB"
"ROMS",1978,"se_cold_pool_index",0.0295010145810601,"MAB"
"ROMS",1978,"persistence_index",0.0963698464166891,"MAB"
"ROMS",1978,"se_persistence_index",0.0237893743608648,"MAB"
"ROMS",1978,"extent_index",79.1911764705883,"MAB"
"ROMS",1978,"se_extent_index",1.78099421967936,"MAB"
"ROMS",1979,"cold_pool_index",-1.63098409887456,"MAB"
"ROMS",1979,"se_cold_pool_index",0.0331291039799581,"MAB"
"ROMS",1979,"persistence_index",0.453397310067739,"MAB"
"ROMS",1979,"se_persistence_index",0.0150217575806076,"MAB"
"ROMS",1979,"extent_index",90.1911764705883,"MAB"
"ROMS",1979,"se_extent_index",1.78099421967936,"MAB"
"ROMS",1980,"cold_pool_index",-1.35627491734251,"MAB"
"ROMS",1980,"se_cold_pool_index",0.0452130080570611,"MAB"
"ROMS",1980,"persistence_index",0.30961701927614,"MAB"
"ROMS",1980,"se_persistence_index",0.0154707635996919,"MAB"
"ROMS",1980,"extent_index",84.1911764705883,"MAB"
"ROMS",1980,"se_extent_index",1.78099421967936,"MAB"
"ROMS",1981,"cold_pool_index",-0.970741664705291,"MAB"
"ROMS",1981,"se_cold_pool_index",0.0408947812028246,"MAB"
"ROMS",1981,"persistence_index",0.114140444154977,"MAB"
"ROMS",1981,"se_persistence_index",0.0196750310858553,"MAB"
"ROMS",1981,"extent_index",75.1911764705883,"MAB"
"ROMS",1981,"se_extent_index",1.78099421967936,"MAB"
"ROMS",1982,"cold_pool_index",-0.876161069018418,"MAB"
"ROMS",1982,"se_cold_pool_index",0.0456162220076171,"MAB"
"ROMS",1982,"persistence_index",0.010747875495849,"MAB"
"ROMS",1982,"se_persistence_index",0.0211107608983107,"MAB"
"ROMS",1982,"extent_index",72.1911764705883,"MAB"
"ROMS",1982,"se_extent_index",1.78099421967936,"MAB"
"ROMS",1983,"cold_pool_index",-0.0989973260072118,"MAB"
"ROMS",1983,"se_cold_pool_index",0.0286861766619087,"MAB"
"ROMS",1983,"persistence_index",-0.426773270792256,"MAB"
"ROMS",1983,"se_persistence_index",0.0276116016069554,"MAB"
"ROMS",1983,"extent_index",44.1911764705883,"MAB"
"ROMS",1983,"se_extent_index",1.78099421967936,"MAB"
"ROMS",1984,"cold_pool_index",-1.5188152700697,"MAB"
"ROMS",1984,"se_cold_pool_index",0.0385931897265245,"MAB"
"ROMS",1984,"persistence_index",0.435626712329452,"MAB"
"ROMS",1984,"se_persistence_index",0.0161119325769071,"MAB"
"ROMS",1984,"extent_index",90.1911764705883,"MAB"
"ROMS",1984,"se_extent_index",1.78099421967936,"MAB"
"ROMS",1985,"cold_pool_index",0.333592291991539,"MAB"
"ROMS",1985,"se_cold_pool_index",0.0391957817417982,"MAB"
"ROMS",1985,"persistence_index",-0.355744266892714,"MAB"
"ROMS",1985,"se_persistence_index",0.0178378282331902,"MAB"
"ROMS",1985,"extent_index",35.1911764705883,"MAB"
"ROMS",1985,"se_extent_index",1.78099421967936,"MAB"
"ROMS",1986,"cold_pool_index",1.25211523476998,"MAB"
"ROMS",1986,"se_cold_pool_index",0.0334434502700898,"MAB"
"ROMS",1986,"persistence_index",-0.781142686911314,"MAB"
"ROMS",1986,"se_persistence_index",0.0304417382357109,"MAB"
"ROMS",1986,"extent_index",-95.8088235294117,"MAB"
"ROMS",1986,"se_extent_index",1.78099421967936,"MAB"
"ROMS",1987,"cold_pool_index",-0.800490660030997,"MAB"
"ROMS",1987,"se_cold_pool_index",0.052922567703763,"MAB"
"ROMS",1987,"persistence_index",-0.163727084116429,"MAB"
"ROMS",1987,"se_persistence_index",0.0245060996940303,"MAB"
"ROMS",1987,"extent_index",83.1911764705883,"MAB"
"ROMS",1987,"se_extent_index",1.78099421967936,"MAB"
"ROMS",1988,"cold_pool_index",-0.858113939094735,"MAB"
"ROMS",1988,"se_cold_pool_index",0.0330931284220872,"MAB"
"ROMS",1988,"persistence_index",0.0617037782070073,"MAB"
"ROMS",1988,"se_persistence_index",0.0186789787738214,"MAB"
"ROMS",1988,"extent_index",87.1911764705883,"MAB"
"ROMS",1988,"se_extent_index",1.78099421967936,"MAB"
"ROMS",1989,"cold_pool_index",-0.366136409997591,"MAB"
"ROMS",1989,"se_cold_pool_index",0.0358789269705223,"MAB"
"ROMS",1989,"persistence_index",-0.0284111954046985,"MAB"
"ROMS",1989,"se_persistence_index",0.0174766207914696,"MAB"
"ROMS",1989,"extent_index",77.1911764705883,"MAB"
"ROMS",1989,"se_extent_index",1.78099421967936,"MAB"
"ROMS",1990,"cold_pool_index",0.684882769131158,"MAB"
"ROMS",1990,"se_cold_pool_index",0.0374574200935443,"MAB"
"ROMS",1990,"persistence_index",-0.494085803131329,"MAB"
"ROMS",1990,"se_persistence_index",0.0254877782083921,"MAB"
"ROMS",1990,"extent_index",11.1911764705883,"MAB"
"ROMS",1990,"se_extent_index",1.78099421967936,"MAB"
"ROMS",1991,"cold_pool_index",0.357044360437425,"MAB"
"ROMS",1991,"se_cold_pool_index",0.0399908205819728,"MAB"
"ROMS",1991,"persistence_index",-0.34209164320887,"MAB"
"ROMS",1991,"se_persistence_index",0.0229379163332377,"MAB"
"ROMS",1991,"extent_index",11.1911764705883,"MAB"
"ROMS",1991,"se_extent_index",1.78099421967936,"MAB"
"ROMS",1992,"cold_pool_index",-0.114943822362306,"MAB"
"ROMS",1992,"se_cold_pool_index",0.027357760183864,"MAB"
"ROMS",1992,"persistence_index",-0.204868521928423,"MAB"
"ROMS",1992,"se_persistence_index",0.0197216062383705,"MAB"
"ROMS",1992,"extent_index",80.1911764705883,"MAB"
"ROMS",1992,"se_extent_index",1.78099421967936,"MAB"
"GLORYS",1993,"cold_pool_index",-0.561782849217271,"MAB"
"GLORYS",1993,"se_cold_pool_index",0.0203963382128071,"MAB"
"GLORYS",1993,"persistence_index",0.690125509502159,"MAB"
"GLORYS",1993,"se_persistence_index",0.0241608384101352,"MAB"
"GLORYS",1993,"extent_index",78.1911764705883,"MAB"
"GLORYS",1993,"se_extent_index",1.78099421967936,"MAB"
"GLORYS",1994,"cold_pool_index",-0.212746523899053,"MAB"
"GLORYS",1994,"se_cold_pool_index",0.0383026460804183,"MAB"
"GLORYS",1994,"persistence_index",0.245423244985506,"MAB"
"GLORYS",1994,"se_persistence_index",0.0332936846974191,"MAB"
"GLORYS",1994,"extent_index",52.1911764705883,"MAB"
"GLORYS",1994,"se_extent_index",1.78099421967936,"MAB"
"GLORYS",1995,"cold_pool_index",0.468140047640996,"MAB"
"GLORYS",1995,"se_cold_pool_index",0.0359086305669866,"MAB"
"GLORYS",1995,"persistence_index",-0.0243906195300992,"MAB"
"GLORYS",1995,"se_persistence_index",0.021542482273378,"MAB"
"GLORYS",1995,"extent_index",47.1911764705883,"MAB"
"GLORYS",1995,"se_extent_index",1.78099421967936,"MAB"
"GLORYS",1996,"cold_pool_index",-1.10036864953512,"MAB"
"GLORYS",1996,"se_cold_pool_index",0.0331185360863464,"MAB"
"GLORYS",1996,"persistence_index",1.00464163853442,"MAB"
"GLORYS",1996,"se_persistence_index",0.0170112738866695,"MAB"
"GLORYS",1996,"extent_index",92.1911764705883,"MAB"
"GLORYS",1996,"se_extent_index",1.78099421967936,"MAB"
"GLORYS",1997,"cold_pool_index",0.202666118037887,"MAB"
"GLORYS",1997,"se_cold_pool_index",0.038183681282783,"MAB"
"GLORYS",1997,"persistence_index",0.361410115558408,"MAB"
"GLORYS",1997,"se_persistence_index",0.0295600325965125,"MAB"
"GLORYS",1997,"extent_index",16.1911764705883,"MAB"
"GLORYS",1997,"se_extent_index",1.78099421967936,"MAB"
"GLORYS",1998,"cold_pool_index",-0.378215725003048,"MAB"
"GLORYS",1998,"se_cold_pool_index",0.0476422801391879,"MAB"
"GLORYS",1998,"persistence_index",0.785286799824739,"MAB"
"GLORYS",1998,"se_persistence_index",0.027185516489785,"MAB"
"GLORYS",1998,"extent_index",51.1911764705883,"MAB"
"GLORYS",1998,"se_extent_index",1.78099421967936,"MAB"
"GLORYS",1999,"cold_pool_index",1.84822094154138,"MAB"
"GLORYS",1999,"se_cold_pool_index",0.0534385923758714,"MAB"
"GLORYS",1999,"persistence_index",-0.842430828330327,"MAB"
"GLORYS",1999,"se_persistence_index",0.0339831938302911,"MAB"
"GLORYS",1999,"extent_index",-166.808823529412,"MAB"
"GLORYS",1999,"se_extent_index",1.78099421967936,"MAB"
"GLORYS",2000,"cold_pool_index",1.10038869633634,"MAB"
"GLORYS",2000,"se_cold_pool_index",0.0260474411642327,"MAB"
"GLORYS",2000,"persistence_index",-0.388734613417635,"MAB"
"GLORYS",2000,"se_persistence_index",0.0315563589102582,"MAB"
"GLORYS",2000,"extent_index",-56.8088235294117,"MAB"
"GLORYS",2000,"se_extent_index",1.78099421967936,"MAB"
"GLORYS",2001,"cold_pool_index",0.741728745956939,"MAB"
"GLORYS",2001,"se_cold_pool_index",0.0291948316742599,"MAB"
"GLORYS",2001,"persistence_index",-0.329365500297309,"MAB"
"GLORYS",2001,"se_persistence_index",0.0327593641306232,"MAB"
"GLORYS",2001,"extent_index",-7.80882352941171,"MAB"
"GLORYS",2001,"se_extent_index",1.78099421967936,"MAB"
"GLORYS",2002,"cold_pool_index",0.872666204070566,"MAB"
"GLORYS",2002,"se_cold_pool_index",0.0563744850933712,"MAB"
"GLORYS",2002,"persistence_index",0.367729009103019,"MAB"
"GLORYS",2002,"se_persistence_index",0.0397907511071511,"MAB"
"GLORYS",2002,"extent_index",-67.8088235294117,"MAB"
"GLORYS",2002,"se_extent_index",1.78099421967936,"MAB"
"GLORYS",2003,"cold_pool_index",-0.252323218059556,"MAB"
"GLORYS",2003,"se_cold_pool_index",0.022936509889024,"MAB"
"GLORYS",2003,"persistence_index",0.414319057889256,"MAB"
"GLORYS",2003,"se_persistence_index",0.0290691509303074,"MAB"
"GLORYS",2003,"extent_index",80.1911764705883,"MAB"
"GLORYS",2003,"se_extent_index",1.78099421967936,"MAB"
"GLORYS",2004,"cold_pool_index",-2.08417700756498,"MAB"
"GLORYS",2004,"se_cold_pool_index",0.0349390136593819,"MAB"
"GLORYS",2004,"persistence_index",1.13367389659893,"MAB"
"GLORYS",2004,"se_persistence_index",0.013407586850464,"MAB"
"GLORYS",2004,"extent_index",94.1911764705883,"MAB"
"GLORYS",2004,"se_extent_index",1.78099421967936,"MAB"
"GLORYS",2005,"cold_pool_index",-0.257162914037134,"MAB"
"GLORYS",2005,"se_cold_pool_index",0.0308215258187904,"MAB"
"GLORYS",2005,"persistence_index",0.559480348211836,"MAB"
"GLORYS",2005,"se_persistence_index",0.030726323487475,"MAB"
"GLORYS",2005,"extent_index",78.1911764705883,"MAB"
"GLORYS",2005,"se_extent_index",1.78099421967936,"MAB"
"GLORYS",2006,"cold_pool_index",1.62160737432748,"MAB"
"GLORYS",2006,"se_cold_pool_index",0.0334266045994954,"MAB"
"GLORYS",2006,"persistence_index",-0.885338530545004,"MAB"
"GLORYS",2006,"se_persistence_index",0.0349844245006785,"MAB"
"GLORYS",2006,"extent_index",-187.808823529412,"MAB"
"GLORYS",2006,"se_extent_index",1.78099421967936,"MAB"
"GLORYS",2007,"cold_pool_index",-1.14023310115478,"MAB"
"GLORYS",2007,"se_cold_pool_index",0.0368265099425843,"MAB"
"GLORYS",2007,"persistence_index",1.05786744498603,"MAB"
"GLORYS",2007,"se_persistence_index",0.0174204808774951,"MAB"
"GLORYS",2007,"extent_index",87.1911764705883,"MAB"
"GLORYS",2007,"se_extent_index",1.78099421967936,"MAB"
"GLORYS",2008,"cold_pool_index",0.185676993728296,"MAB"
"GLORYS",2008,"se_cold_pool_index",0.0408421513813022,"MAB"
"GLORYS",2008,"persistence_index",0.709116541789407,"MAB"
"GLORYS",2008,"se_persistence_index",0.0271012875111703,"MAB"
"GLORYS",2008,"extent_index",9.19117647058829,"MAB"
"GLORYS",2008,"se_extent_index",1.78099421967936,"MAB"
"GLORYS",2009,"cold_pool_index",0.2142423079561,"MAB"
"GLORYS",2009,"se_cold_pool_index",0.032512257409458,"MAB"
"GLORYS",2009,"persistence_index",0.0458319797820807,"MAB"
"GLORYS",2009,"se_persistence_index",0.0230104726129316,"MAB"
"GLORYS",2009,"extent_index",54.1911764705883,"MAB"
"GLORYS",2009,"se_extent_index",1.78099421967936,"MAB"
"GLORYS",2010,"cold_pool_index",-0.0318138033995227,"MAB"
"GLORYS",2010,"se_cold_pool_index",0.0343882567664764,"MAB"
"GLORYS",2010,"persistence_index",0.531568600062633,"MAB"
"GLORYS",2010,"se_persistence_index",0.0264309386760438,"MAB"
"GLORYS",2010,"extent_index",82.1911764705883,"MAB"
"GLORYS",2010,"se_extent_index",1.78099421967936,"MAB"
"GLORYS",2011,"cold_pool_index",0.340059485177046,"MAB"
"GLORYS",2011,"se_cold_pool_index",0.0510908634505495,"MAB"
"GLORYS",2011,"persistence_index",0.32620657497279,"MAB"
"GLORYS",2011,"se_persistence_index",0.0356977942611271,"MAB"
"GLORYS",2011,"extent_index",17.1911764705883,"MAB"
"GLORYS",2011,"se_extent_index",1.78099421967936,"MAB"
"GLORYS",2012,"cold_pool_index",2.06587842867909,"MAB"
"GLORYS",2012,"se_cold_pool_index",0.04204342945036,"MAB"
"GLORYS",2012,"persistence_index",-0.971086295264944,"MAB"
"GLORYS",2012,"se_persistence_index",0.0397210459712981,"MAB"
"GLORYS",2012,"extent_index",-252.808823529412,"MAB"
"GLORYS",2012,"se_extent_index",1.78099421967936,"MAB"
"GLORYS",2013,"cold_pool_index",1.23116791117224,"MAB"
"GLORYS",2013,"se_cold_pool_index",0.0310032232028329,"MAB"
"GLORYS",2013,"persistence_index",-0.599278137803508,"MAB"
"GLORYS",2013,"se_persistence_index",0.0316294259238279,"MAB"
"GLORYS",2013,"extent_index",-88.8088235294117,"MAB"
"GLORYS",2013,"se_extent_index",1.78099421967936,"MAB"
"GLORYS",2014,"cold_pool_index",2.06182357483198,"MAB"
"GLORYS",2014,"se_cold_pool_index",0.0578541867523712,"MAB"
"GLORYS",2014,"persistence_index",-1.08807637863748,"MAB"
"GLORYS",2014,"se_persistence_index",0.0281313566673239,"MAB"
"GLORYS",2014,"extent_index",-234.808823529412,"MAB"
"GLORYS",2014,"se_extent_index",1.78099421967936,"MAB"
"GLORYS",2015,"cold_pool_index",2.25579552314221,"MAB"
"GLORYS",2015,"se_cold_pool_index",0.0527765540374038,"MAB"
"GLORYS",2015,"persistence_index",-0.971417191986002,"MAB"
"GLORYS",2015,"se_persistence_index",0.0375534294365022,"MAB"
"GLORYS",2015,"extent_index",-277.808823529412,"MAB"
"GLORYS",2015,"se_extent_index",1.78099421967936,"MAB"
"GLORYS",2016,"cold_pool_index",1.70129153761605,"MAB"
"GLORYS",2016,"se_cold_pool_index",0.0397918287147885,"MAB"
"GLORYS",2016,"persistence_index",-0.658530405754197,"MAB"
"GLORYS",2016,"se_persistence_index",0.0361632389935112,"MAB"
"GLORYS",2016,"extent_index",-198.808823529412,"MAB"
"GLORYS",2016,"se_extent_index",1.78099421967936,"MAB"
"GLORYS",2017,"cold_pool_index",0.173502171764422,"MAB"
"GLORYS",2017,"se_cold_pool_index",0.0365722431253226,"MAB"
"GLORYS",2017,"persistence_index",0.258661514387279,"MAB"
"GLORYS",2017,"se_persistence_index",0.0240846281439854,"MAB"
"GLORYS",2017,"extent_index",69.1911764705883,"MAB"
"GLORYS",2017,"se_extent_index",1.78099421967936,"MAB"
"GLORYS",2018,"cold_pool_index",0.167287167144484,"MAB"
"GLORYS",2018,"se_cold_pool_index",0.0266757165723296,"MAB"
"GLORYS",2018,"persistence_index",0.177222283695707,"MAB"
"GLORYS",2018,"se_persistence_index",0.0179113078600948,"MAB"
"GLORYS",2018,"extent_index",70.1911764705883,"MAB"
"GLORYS",2018,"se_extent_index",1.78099421967936,"MAB"
"GLORYS",2019,"cold_pool_index",0.675230822664055,"MAB"
"GLORYS",2019,"se_cold_pool_index",0.0531644736282643,"MAB"
"GLORYS",2019,"persistence_index",-0.216384679867082,"MAB"
"GLORYS",2019,"se_persistence_index",0.0217645338636892,"MAB"
"GLORYS",2019,"extent_index",30.1911764705883,"MAB"
"GLORYS",2019,"se_extent_index",1.78099421967936,"MAB"
"GLORYS",2020,"cold_pool_index",1.82542526771283,"MAB"
"GLORYS",2020,"se_cold_pool_index",0.0598682494012696,"MAB"
"GLORYS",2020,"persistence_index",-0.926179926011354,"MAB"
"GLORYS",2020,"se_persistence_index",0.0326438386609006,"MAB"
"GLORYS",2020,"extent_index",-185.808823529412,"MAB"
"GLORYS",2020,"se_extent_index",1.78099421967936,"MAB"
"GLORYS",2021,"cold_pool_index",1.80747369667142,"MAB"
"GLORYS",2021,"se_cold_pool_index",0.0351743138720517,"MAB"
"GLORYS",2021,"persistence_index",-0.618172689405678,"MAB"
"GLORYS",2021,"se_persistence_index",0.043351092911455,"MAB"
"GLORYS",2021,"extent_index",-276.808823529412,"MAB"
"GLORYS",2021,"se_extent_index",1.78099421967936,"MAB"
"PSY",2021,"cold_pool_index",1.85592504672878,"MAB"
"PSY",2021,"se_cold_pool_index",0.0516510540230249,"MAB"
"PSY",2021,"persistence_index",0.346064814814815,"MAB"
"PSY",2021,"se_persistence_index",0.0293155162301937,"MAB"
"PSY",2021,"extent_index",-206.808823529412,"MAB"
"PSY",2021,"se_extent_index",1.78099421967936,"MAB"
"GLORYS",2022,"cold_pool_index",2.08347286306546,"MAB"
"GLORYS",2022,"se_cold_pool_index",0.0400622318992463,"MAB"
"GLORYS",2022,"persistence_index",-1.11592551752452,"MAB"
"GLORYS",2022,"se_persistence_index",0.0362766073764051,"MAB"
"GLORYS",2022,"extent_index",-305.808823529412,"MAB"
"GLORYS",2022,"se_extent_index",1.78099421967936,"MAB"
"PSY",2022,"cold_pool_index",2.39623122837656,"MAB"
"PSY",2022,"se_cold_pool_index",0.0345374711337953,"MAB"
"PSY",2022,"persistence_index",-0.442372881355932,"MAB"
"PSY",2022,"se_persistence_index",0.0347425519641331,"MAB"
"PSY",2022,"extent_index",-386.808823529412,"MAB"
"PSY",2022,"se_extent_index",1.78099421967936,"MAB"
"GLORYS",2023,"cold_pool_index",0.132508067292395,"MAB"
"GLORYS",2023,"se_cold_pool_index",0.0393348968283128,"MAB"
"GLORYS",2023,"persistence_index",-0.971806496995612,"MAB"
"GLORYS",2023,"se_persistence_index",0.0159532404303827,"MAB"
"GLORYS",2023,"extent_index",-81.8088235294117,"MAB"
"GLORYS",2023,"se_extent_index",1.78099421967936,"MAB"
"PSY",2023,"cold_pool_index",1.20417312758004,"MAB"
"PSY",2023,"se_cold_pool_index",0.0593182667156881,"MAB"
"PSY",2023,"persistence_index",-0.0354477611940299,"MAB"
"PSY",2023,"se_persistence_index",0.024679549371332,"MAB"
"PSY",2023,"extent_index",-101.808823529412,"MAB"
"PSY",2023,"se_extent_index",1.78099421967936,"MAB"
